Date;Open;High;Low;Close;Volume;Adj Close;;;;;;;;
31.12.2012;22584.44;22698.33;22566.89;22656.92;685413000;22656.92;;;;;;;;
28.12.2012;22706.33;22706.33;22628.46;22666.59;1043816200;22666.59;;;;;;;;
27.12.2012;22705.46;22718.83;22608.60;22619.78;1053372600;22619.78;;;;;;;;`
26.12.2012;22541.18;22541.18;22541.18;22541.18;0;22541.18;;;;;;;;
25.12.2012;0;0;0;22541.18;0;0;;;;;;;;
24.12.2012;22494.71;22577.56;22494.71;22541.18;560264800;22541.18;;;;;;;;
21.12.2012;22565.09;22565.09;22423.16;22506.29;1805720400;22506.29;;;;;;;;
20.12.2012;22602.99;22661.74;22483.95;22659.78;1620967700;22659.78;;;;;;;;
19.12.2012;22654.65;22683.72;22562.02;22623.37;1577167800;22623.37;;;;;;;;
18.12.2012;22525.46;22588.48;22449.74;22494.73;3217316000;22494.73;;;;;;;;
17.12.2012;22590.76;22625.41;22453.59;22513.61;1451263500;22513.61;;;;;;;;
14.12.2012;22396.72;22636.43;22396.72;22605.98;1771220400;22605.98;;;;;;;;
13.12.2012;22500.99;22563.14;22380.78;22445.58;1475964000;22445.58;;;;;;;;
12.12.2012;22412.90;22508.01;22412.90;22503.35;1856501400;22503.35;;;;;;;;
11.12.2012;22295.99;22393.20;22244.02;22323.94;1585416300;22323.94;;;;;;;;
10.12.2012;22377.56;22377.56;22235.76;22276.72;1388628000;22276.72;;;;;;;;
07.12.2012;22294.73;22371.40;22188.07;22191.17;1830833200;22191.17;;;;;;;;
06.12.2012;22355.89;22355.89;22215.08;22249.81;1474980800;22249.81;;;;;;;;
05.12.2012;21819.01;22274.04;21804.93;22270.91;2465522000;22270.91;;;;;;;;
04.12.2012;21786.07;21853.15;21687.88;21799.97;1236799200;21799.97;;;;;;;;
03.12.2012;22070.44;22162.47;21716.77;21767.85;1222931400;21767.85;;;;;;;;
30.11.2012;21949.40;22091.61;21918.55;22030.39;1829162400;22030.39;;;;;;;;
29.11.2012;21821.05;21996.40;21786.03;21922.89;1272038400;21922.89;;;;;;;;
28.11.2012;21764.91;21764.91;21629.58;21708.98;1272896700;21708.98;;;;;;;;
27.11.2012;21969.71;22002.86;21820.15;21844.03;1205019200;21844.03;;;;;;;;
26.11.2012;21986.36;21986.36;21827.27;21861.81;1074310800;21861.81;;;;;;;;
23.11.2012;21729.72;21924.06;21723.35;21913.98;1337229900;21913.98;;;;;;;;
22.11.2012;21595.59;21774.40;21517.91;21743.20;1449478500;21743.20;;;;;;;;
21.11.2012;21367.55;21530.44;21229.14;21524.36;1358588100;21524.36;;;;;;;;
20.11.2012;21478.00;21478.00;21213.12;21228.28;1169937500;21228.28;;;;;;;;
19.11.2012;21209.95;21303.10;21136.32;21262.06;1100673100;21262.06;;;;;;;;
16.11.2012;21203.82;21205.31;21105.21;21159.01;1146325100;21159.01;;;;;;;;
15.11.2012;21188.94;21288.48;21098.41;21108.93;1408099400;21108.93;;;;;;;;
14.11.2012;21250.97;21446.36;21221.31;21441.99;1302165900;21441.99;;;;;;;;
13.11.2012;21372.87;21399.61;21181.92;21188.65;1349937200;21188.65;;;;;;;;
12.11.2012;21367.57;21462.45;21339.19;21430.30;922157200;21430.30;;;;;;;;
09.11.2012;21433.60;21525.49;21330.34;21384.38;1455863300;21384.38;;;;;;;;
08.11.2012;21785.83;21871.85;21555.75;21566.91;1668424200;21566.91;;;;;;;;
07.11.2012;22020.40;22099.85;21811.19;22099.85;1555286100;22099.85;;;;;;;;
06.11.2012;21959.99;22008.86;21832.28;21944.43;1317598200;21944.43;;;;;;;;
05.11.2012;22044.21;22141.13;21990.68;22006.40;1165502600;22006.40;;;;;;;;
02.11.2012;22066.29;22149.70;22019.65;22111.33;1853113600;22111.33;;;;;;;;
01.11.2012;21573.93;21832.56;21506.05;21821.87;1671155300;21821.87;;;;;;;;
31.10.2012;21539.49;21648.64;21496.92;21641.82;1546082800;21641.82;;;;;;;;
30.10.2012;21549.17;21575.03;21338.65;21428.58;1426440700;21428.58;;;;;;;;
29.10.2012;21478.12;21561.97;21397.09;21511.05;1430951700;21511.05;;;;;;;;
26.10.2012;21847.70;21847.70;21527.54;21545.57;1655334600;21545.57;;;;;;;;
25.10.2012;21792.67;21839.64;21710.84;21810.23;1633405600;21810.23;;;;;;;;
24.10.2012;21561.59;21802.49;21533.24;21763.78;1711748800;21763.78;;;;;;;;
23.10.2012;0;0;0;21730.67;0;0;;;;;;;;
22.10.2012;21440.01;21699.07;21431.24;21697.55;1466782700;21697.55;;;;;;;;
19.10.2012;21565.75;21591.62;21522.91;21551.76;1639351400;21551.76;;;;;;;;
18.10.2012;21490.86;21606.32;21476.30;21518.71;2154856400;21518.71;;;;;;;;
17.10.2012;21421.87;21442.73;21352.88;21416.64;1714967600;21416.64;;;;;;;;
16.10.2012;21257.09;21257.09;21120.17;21207.07;1498826100;21207.07;;;;;;;;
15.10.2012;21137.61;21184.43;21076.95;21148.25;1352365700;21148.25;;;;;;;;
12.10.2012;21051.09;21236.57;21051.09;21136.43;2318876200;21136.43;;;;;;;;
11.10.2012;20813.05;21013.45;20813.05;20999.05;2550414800;20999.05;;;;;;;;
10.10.2012;20785.06;20941.89;20767.36;20919.60;1236864700;20919.60;;;;;;;;
09.10.2012;20926.83;21093.10;20926.83;20937.28;1542861900;20937.28;;;;;;;;
08.10.2012;20979.53;20981.63;20807.93;20824.56;1350069800;20824.56;;;;;;;;
05.10.2012;21007.60;21021.24;20924.73;21012.38;1290461900;21012.38;;;;;;;;
04.10.2012;20914.32;20947.30;20835.06;20907.95;1025617100;20907.95;;;;;;;;
03.10.2012;20951.38;21005.68;20799.82;20888.28;1378884900;20888.28;;;;;;;;
02.10.2012;0;0;0;20864.33;0;0;;;;;;;;
01.10.2012;20840.38;20840.38;20840.38;20840.38;0;20840.38;;;;;;;;
28.09.2012;20757.97;20889.90;20725.52;20840.38;1403623200;20840.38;;;;;;;;
27.09.2012;20487.36;20850.49;20487.36;20762.29;1740972000;20762.29;;;;;;;;
26.09.2012;20485.99;20576.84;20485.08;20527.73;1112532000;20527.73;;;;;;;;
25.09.2012;20694.33;20758.36;20648.59;20698.68;1066825300;20698.68;;;;;;;;
24.09.2012;20611.10;20780.14;20503.24;20694.70;977714200;20694.70;;;;;;;;
21.09.2012;20697.27;20808.04;20677.14;20734.94;1842999800;20734.94;;;;;;;;
20.09.2012;20816.77;20816.77;20578.56;20590.92;1501413600;20590.92;;;;;;;;
19.09.2012;20609.52;20895.61;20609.52;20841.91;1938983200;20841.91;;;;;;;;
18.09.2012;20622.12;20712.69;20568.12;20601.93;1445956300;20601.93;;;;;;;;
17.09.2012;20758.49;20758.49;20591.44;20658.11;1548748900;20658.11;;;;;;;;
14.09.2012;20479.38;20648.10;20475.74;20629.78;2554583000;20629.78;;;;;;;;
13.09.2012;20061.97;20146.77;20009.50;20047.63;1237079000;20047.63;;;;;;;;
12.09.2012;19996.14;20118.19;19996.14;20075.39;1365032900;20075.39;;;;;;;;
11.09.2012;19757.37;19907.30;19658.71;19857.88;1623644500;19857.88;;;;;;;;
10.09.2012;19876.41;19930.37;19764.69;19827.17;3198134800;19827.17;;;;;;;;
07.09.2012;19537.93;19829.02;19484.24;19802.16;3303572400;19802.16;;;;;;;;
06.09.2012;19101.93;19216.08;19076.79;19209.30;1360569200;19209.30;;;;;;;;
05.09.2012;19330.16;19330.16;19116.84;19145.07;1773167600;19145.07;;;;;;;;
04.09.2012;19540.93;19572.31;19414.51;19429.91;1146614900;19429.91;;;;;;;;
03.09.2012;19414.62;19608.55;19386.04;19559.21;1166337700;19559.21;;;;;;;;
31.08.2012;19516.95;19554.26;19450.77;19482.57;1346966500;19482.57;;;;;;;;
30.08.2012;19657.20;19657.20;19509.31;19552.91;1453043300;19552.91;;;;;;;;
29.08.2012;19857.61;19863.47;19770.54;19788.51;1075024000;19788.51;;;;;;;;
28.08.2012;19723.30;19856.32;19723.30;19811.80;1077330100;19811.80;;;;;;;;
27.08.2012;19939.54;19939.54;19769.43;19798.67;1211797900;19798.67;;;;;;;;
24.08.2012;19930.45;19930.45;19840.19;19880.03;1124259600;19880.03;;;;;;;;
23.08.2012;19935.13;20133.41;19935.13;20132.24;1231818600;20132.24;;;;;;;;
22.08.2012;19996.73;19996.73;19853.42;19887.78;1032597200;19887.78;;;;;;;;
21.08.2012;20111.97;20141.16;19979.58;20100.09;1049001300;20100.09;;;;;;;;
20.08.2012;20080.32;20109.56;19911.49;20104.27;1020566200;20104.27;;;;;;;;
17.08.2012;20057.31;20147.39;20047.64;20116.07;1209409600;20116.07;;;;;;;;
16.08.2012;20151.69;20151.69;19919.56;19962.95;1058187000;19962.95;;;;;;;;
15.08.2012;20125.29;20135.00;20016.03;20052.29;1271710400;20052.29;;;;;;;;
14.08.2012;20251.42;20299.72;20094.02;20291.68;1525964900;20291.68;;;;;;;;
13.08.2012;20188.48;20188.48;20037.81;20081.36;990601400;20081.36;;;;;;;;
10.08.2012;20204.71;20222.13;20045.30;20136.12;1439089700;20136.12;;;;;;;;
09.08.2012;20149.20;20300.03;20149.20;20269.47;1302333500;20269.47;;;;;;;;
08.08.2012;20188.88;20188.88;19966.12;20065.52;1239183500;20065.52;;;;;;;;
07.08.2012;20033.87;20117.12;19983.76;20072.55;1411302800;20072.55;;;;;;;;
06.08.2012;20052.50;20091.30;19978.65;19998.72;1437034800;19998.72;;;;;;;;
03.08.2012;19553.79;19673.70;19454.33;19666.18;1153392500;19666.18;;;;;;;;
02.08.2012;19784.15;19786.71;19651.76;19690.20;1229663600;19690.20;;;;;;;;
01.08.2012;19646.96;19898.92;19646.96;19820.38;1798568800;19820.38;;;;;;;;
31.07.2012;19661.41;19840.16;19618.57;19796.81;1856288400;19796.81;;;;;;;;
30.07.2012;19505.03;19593.62;19478.70;19585.40;1452095200;19585.40;;;;;;;;
27.07.2012;19165.03;19330.69;19162.53;19274.96;1570697800;19274.96;;;;;;;;
26.07.2012;18870.33;18961.58;18793.15;18892.79;1112498900;18892.79;;;;;;;;
25.07.2012;18762.20;18925.66;18710.59;18877.33;1332514400;18877.33;;;;;;;;
24.07.2012;19078.14;19124.96;18854.32;18903.20;929872600;18903.20;;;;;;;;
23.07.2012;19259.36;19259.36;18986.20;19053.47;1256215800;19053.47;;;;;;;;
20.07.2012;19613.78;19656.11;19511.90;19640.80;1298960700;19640.80;;;;;;;;
19.07.2012;19393.45;19600.32;19393.45;19559.05;1693489600;19559.05;;;;;;;;
18.07.2012;19452.24;19452.24;19134.57;19239.88;1169099100;19239.88;;;;;;;;
17.07.2012;19156.96;19479.28;19156.96;19455.33;1396005600;19455.33;;;;;;;;
16.07.2012;19265.34;19265.34;19061.67;19121.34;1095972800;19121.34;;;;;;;;
13.07.2012;19069.36;19160.49;19032.59;19092.63;1267621700;19092.63;;;;;;;;
12.07.2012;19356.79;19356.79;18998.30;19025.11;2017688200;19025.11;;;;;;;;
11.07.2012;19264.58;19441.12;19233.76;19419.87;1642334000;19419.87;;;;;;;;
10.07.2012;19504.42;19515.89;19347.23;19396.36;1179214100;19396.36;;;;;;;;
09.07.2012;19634.84;19737.92;19421.75;19428.09;1440446900;19428.09;;;;;;;;
06.07.2012;19752.83;19839.12;19690.64;19800.64;1763031600;19800.64;;;;;;;;
05.07.2012;19757.42;19869.11;19588.63;19809.13;1268796100;19809.13;;;;;;;;
04.07.2012;19833.84;19835.13;19677.45;19709.75;1402212000;19709.75;;;;;;;;
03.07.2012;19765.41;19765.41;19622.37;19735.53;1532735700;19735.53;;;;;;;;
02.07.2012;19441.46;19441.46;19441.46;19441.46;0;19441.46;;;;;;;;
29.06.2012;18996.57;19510.77;18991.10;19441.46;2039720800;19441.46;;;;;;;;
28.06.2012;19305.74;19305.74;19009.26;19025.27;1466323700;19025.27;;;;;;;;
27.06.2012;18990.17;19213.92;18942.00;19176.95;1425576400;19176.95;;;;;;;;
26.06.2012;18850.47;18998.47;18850.47;18981.84;1324221200;18981.84;;;;;;;;
25.06.2012;19019.03;19066.75;18861.56;18897.45;1133257000;18897.45;;;;;;;;
22.06.2012;18992.90;19089.45;18976.05;18995.13;1080368400;18995.13;;;;;;;;
21.06.2012;19480.71;19495.54;19258.11;19265.07;1298230800;19265.07;;;;;;;;
20.06.2012;19551.89;19578.82;19469.13;19518.85;1176157900;19518.85;;;;;;;;
19.06.2012;19451.20;19472.05;19320.18;19416.67;1205020200;19416.67;;;;;;;;
18.06.2012;19578.13;19578.13;19395.93;19427.81;1581595100;19427.81;;;;;;;;
15.06.2012;18924.09;19254.56;18919.17;19233.94;2717020800;19233.94;;;;;;;;
14.06.2012;18901.71;18937.54;18795.65;18808.40;1313826200;18808.40;;;;;;;;
13.06.2012;18948.45;19029.55;18812.94;19026.52;1417480400;19026.52;;;;;;;;
12.06.2012;18719.89;18925.79;18708.26;18872.56;1336823000;18872.56;;;;;;;;
11.06.2012;18978.88;18978.88;18847.67;18953.63;1527709500;18953.63;;;;;;;;
08.06.2012;18797.94;18797.94;18461.18;18502.34;2547084200;18502.34;;;;;;;;
07.06.2012;18825.50;18845.57;18624.43;18678.29;1549611000;18678.29;;;;;;;;
06.06.2012;18349.68;18521.57;18320.61;18520.53;1637171800;18520.53;;;;;;;;
05.06.2012;18373.22;18412.02;18223.13;18259.03;1373497300;18259.03;;;;;;;;
04.06.2012;18249.61;18249.61;18056.40;18185.59;1607428300;18185.59;;;;;;;;
01.06.2012;18498.91;18726.44;18487.66;18558.34;1859948800;18558.34;;;;;;;;
31.05.2012;18470.77;18657.90;18378.14;18629.52;4197772800;18629.52;;;;;;;;
30.05.2012;18897.12;18897.12;18604.45;18690.22;1934253000;18690.22;;;;;;;;
29.05.2012;18735.50;19058.47;18735.50;19055.46;1512895300;19055.46;;;;;;;;
28.05.2012;18672.32;18858.32;18672.32;18800.99;1267920400;18800.99;;;;;;;;
25.05.2012;18734.38;18778.44;18577.09;18713.41;1576541900;18713.41;;;;;;;;
24.05.2012;18755.09;18835.81;18654.76;18666.40;1400663200;18666.40;;;;;;;;
23.05.2012;18842.32;18845.84;18661.48;18786.19;1478242900;18786.19;;;;;;;;
22.05.2012;19061.42;19182.66;19002.64;19039.15;1470101600;19039.15;;;;;;;;
21.05.2012;18902.00;18953.68;18796.69;18922.32;1236217100;18922.32;;;;;;;;
18.05.2012;18787.00;18985.43;18622.31;18951.85;2373232400;18951.85;;;;;;;;
17.05.2012;19369.43;19452.30;19139.73;19200.93;1789919600;19200.93;;;;;;;;
16.05.2012;19655.34;19655.34;19181.19;19259.83;2066051600;19259.83;;;;;;;;
15.05.2012;19702.54;19923.19;19639.85;19894.31;1867690000;19894.31;;;;;;;;
14.05.2012;20037.52;20044.69;19715.51;19735.04;1730108400;19735.04;;;;;;;;
11.05.2012;20083.27;20083.27;19901.41;19964.63;1624694700;19964.63;;;;;;;;
10.05.2012;20313.97;20375.04;20091.68;20227.28;1720960400;20227.28;;;;;;;;
09.05.2012;20361.55;20371.66;20257.61;20330.64;1797879400;20330.64;;;;;;;;
08.05.2012;20647.38;20647.38;20399.38;20484.75;1480445300;20484.75;;;;;;;;
07.05.2012;20658.41;20674.45;20477.86;20536.65;2201041600;20536.65;;;;;;;;
04.05.2012;21107.19;21170.64;21061.14;21086.00;1367404200;21086.00;;;;;;;;
03.05.2012;21209.44;21256.81;21153.63;21249.53;7112369600;21249.53;;;;;;;;
02.05.2012;21245.48;21385.30;21237.17;21309.08;1550182600;21309.08;;;;;;;;
01.05.2012;0;0;0;21201.65;0;0;;;;;;;;
30.04.2012;20889.77;21105.57;20889.77;21094.21;1353087200;21094.21;;;;;;;;
27.04.2012;20916.08;20929.96;20648.77;20741.45;1549824700;20741.45;;;;;;;;
26.04.2012;20753.18;20826.91;20674.94;20809.71;1113077800;20809.71;;;;;;;;
25.04.2012;20751.54;20751.82;20584.98;20646.29;1060608800;20646.29;;;;;;;;
24.04.2012;20606.17;20771.79;20534.13;20677.16;1280554500;20677.16;;;;;;;;
23.04.2012;20970.96;20970.96;20624.39;20624.39;1192054100;20624.39;;;;;;;;
20.04.2012;20933.27;21076.43;20881.62;21010.64;1079271500;21010.64;;;;;;;;
19.04.2012;20767.46;20995.01;20767.46;20995.01;1119693300;20995.01;;;;;;;;
18.04.2012;20800.21;20862.32;20715.94;20780.73;1484985400;20780.73;;;;;;;;
17.04.2012;20678.04;20678.04;20392.57;20562.31;1489108300;20562.31;;;;;;;;
16.04.2012;20516.09;20625.45;20514.09;20610.64;5036283200;20610.64;;;;;;;;
13.04.2012;20640.50;20719.04;20574.35;20701.04;2071051600;20701.04;;;;;;;;
12.04.2012;20179.72;20360.48;20138.02;20327.32;1535836200;20327.32;;;;;;;;
11.04.2012;20092.96;20188.56;20035.68;20140.67;1291420000;20140.67;;;;;;;;
10.04.2012;20387.43;20472.96;20297.39;20356.24;1243823600;20356.24;;;;;;;;
09.04.2012;0;0;0;20474.62;0;0;;;;;;;;
06.04.2012;0;0;0;20474.62;0;0;;;;;;;;
05.04.2012;20479.27;20670.20;20404.15;20593.00;1406878200;20593.00;;;;;;;;
04.04.2012;0;0;0;20691.99;0;0;;;;;;;;
03.04.2012;20704.15;20816.09;20588.20;20790.98;1371781700;20790.98;;;;;;;;
02.04.2012;20662.97;20662.97;20417.69;20522.26;1073392500;20522.26;;;;;;;;
30.03.2012;20380.06;20566.09;20374.03;20555.58;1905267600;20555.58;;;;;;;;
29.03.2012;20720.34;20720.34;20527.26;20609.39;1671524900;20609.39;;;;;;;;
28.03.2012;20959.98;20989.58;20798.09;20885.42;1502762300;20885.42;;;;;;;;
27.03.2012;20921.80;21063.38;20896.19;21046.91;1531093100;21046.91;;;;;;;;
26.03.2012;20672.37;20776.36;20580.72;20668.86;1433061700;20668.86;;;;;;;;
23.03.2012;20740.56;20742.70;20596.89;20668.80;1571090500;20668.80;;;;;;;;
22.03.2012;20886.12;20978.49;20801.79;20901.56;1173606200;20901.56;;;;;;;;
21.03.2012;20948.13;20993.48;20756.03;20856.63;1512320300;20856.63;;;;;;;;
20.03.2012;21183.04;21183.04;20786.69;20888.24;1707925200;20888.24;;;;;;;;
19.03.2012;21454.01;21454.01;21075.38;21115.29;1350633000;21115.29;;;;;;;;
16.03.2012;21350.25;21438.62;21253.39;21317.85;1537009700;21317.85;;;;;;;;
15.03.2012;21323.06;21368.48;21162.17;21353.53;1320818700;21353.53;;;;;;;;
14.03.2012;21564.21;21638.32;21263.02;21307.89;1924523200;21307.89;;;;;;;;
13.03.2012;21279.41;21427.12;21261.32;21339.70;1360783500;21339.70;;;;;;;;
12.03.2012;21073.59;21170.55;20924.36;21134.18;1130190800;21134.18;;;;;;;;
09.03.2012;20930.93;21209.79;20917.68;21086.00;1399879900;21086.00;;;;;;;;
08.03.2012;20722.95;20909.71;20681.09;20900.73;1592319800;20900.73;;;;;;;;
07.03.2012;20521.96;20732.87;20521.96;20627.78;2211849600;20627.78;;;;;;;;
06.03.2012;21173.74;21173.74;20789.36;20806.25;3940575200;20806.25;;;;;;;;
05.03.2012;21518.03;21578.76;21230.61;21265.31;1255361600;21265.31;;;;;;;;
02.03.2012;21618.15;21623.24;21531.93;21562.26;1592404700;21562.26;;;;;;;;
01.03.2012;21578.19;21641.14;21338.29;21387.96;1377724000;21387.96;;;;;;;;
29.02.2012;21643.85;21716.76;21525.91;21680.08;1557394100;21680.08;;;;;;;;
28.02.2012;21303.39;21583.07;21273.99;21568.73;1614442400;21568.73;;;;;;;;
27.02.2012;21381.66;21589.02;21076.52;21217.86;1610982000;21217.86;;;;;;;;
24.02.2012;21438.97;21468.93;21292.40;21406.86;1386342400;21406.86;;;;;;;;
23.02.2012;21356.53;21428.50;21325.56;21380.99;1125571200;21380.99;;;;;;;;
22.02.2012;21339.02;21569.74;21302.19;21549.28;1377263800;21549.28;;;;;;;;
21.02.2012;21434.31;21480.34;21221.39;21478.72;1547155900;21478.72;;;;;;;;
20.02.2012;21760.34;21760.34;21393.48;21424.79;1855260400;21424.79;;;;;;;;
17.02.2012;21503.59;21546.73;21381.69;21491.62;1590262700;21491.62;;;;;;;;
16.02.2012;21266.51;21317.72;21157.55;21277.28;1548013700;21277.28;;;;;;;;
15.02.2012;20993.58;21403.28;20933.39;21365.23;2038762000;21365.23;;;;;;;;
14.02.2012;20845.24;20947.95;20813.53;20917.83;1174512100;20917.83;;;;;;;;
13.02.2012;20718.80;20969.80;20673.96;20887.40;1515547500;20887.40;;;;;;;;
10.02.2012;20986.25;21002.33;20703.79;20783.86;1997876600;20783.86;;;;;;;;
09.02.2012;20922.29;21053.06;20787.84;21010.01;2208070800;21010.01;;;;;;;;
08.02.2012;20827.89;21023.33;20755.73;21018.46;1739168600;21018.46;;;;;;;;
07.02.2012;20808.05;20881.85;20649.27;20699.19;1519257700;20699.19;;;;;;;;
06.02.2012;21015.55;21015.55;20633.13;20709.94;1900864400;20709.94;;;;;;;;
03.02.2012;20680.71;20796.74;20639.49;20756.98;1663273500;20756.98;;;;;;;;
02.02.2012;20638.96;20761.70;20564.97;20739.45;2100068000;20739.45;;;;;;;;
01.02.2012;20394.67;20534.22;20269.51;20333.37;1499488400;20333.37;;;;;;;;
31.01.2012;20326.49;20465.89;20219.27;20390.49;2386779600;20390.49;;;;;;;;
30.01.2012;20518.00;20518.00;20144.95;20160.41;2136671200;20160.41;;;;;;;;
27.01.2012;20443.46;20590.80;20384.05;20501.67;1809725000;20501.67;;;;;;;;
26.01.2012;20453.47;20453.47;20301.59;20439.14;2041611000;20439.14;;;;;;;;
25.01.2012;0;0;0;20274.76;0;0;;;;;;;;
24.01.2012;0;0;0;20274.76;0;0;;;;;;;;
23.01.2012;20110.37;20110.37;20110.37;20110.37;0;20110.37;;;;;;;;
20.01.2012;20161.72;20161.72;19927.88;20110.37;1966388400;20110.37;;;;;;;;
19.01.2012;19842.46;19956.54;19776.32;19942.95;2497477200;19942.95;;;;;;;;
18.01.2012;19651.59;19726.84;19577.07;19686.92;1947200800;19686.92;;;;;;;;
17.01.2012;19185.85;19640.28;19173.29;19627.75;2590203600;19627.75;;;;;;;;
16.01.2012;19070.74;19070.74;18985.75;19012.20;1354845900;19012.20;;;;;;;;
13.01.2012;19232.21;19232.21;19073.18;19204.42;2018465200;19204.42;;;;;;;;
12.01.2012;19112.76;19261.29;19050.95;19095.38;1791582400;19095.38;;;;;;;;
11.01.2012;19071.90;19175.85;18983.14;19151.94;2037326200;19151.94;;;;;;;;
10.01.2012;18948.12;19086.53;18858.57;19004.28;1994815200;19004.28;;;;;;;;
09.01.2012;18588.36;18884.26;18302.84;18865.72;1380951700;18865.72;;;;;;;;
06.01.2012;18784.86;18784.86;18506.58;18593.06;1434068900;18593.06;;;;;;;;
05.01.2012;18753.38;18821.09;18723.28;18813.41;1035426900;18813.41;;;;;;;;
04.01.2012;18970.60;18970.60;18687.94;18727.31;1169241200;18727.31;;;;;;;;
03.01.2012;18770.64;18886.12;18724.17;18877.41;1247580300;18877.41;;;;;;;;
02.01.2012;0;0;0;18655.90;0;0;;;;;;;;
30.12.2011;18489.04;18506.27;18415.85;18434.39;837154800;18434.39;;;;;;;;
29.12.2011;18329.61;18409.12;18293.81;18397.92;1205224300;18397.92;;;;;;;;
28.12.2011;18621.50;18621.50;18461.97;18518.67;862673200;18518.67;;;;;;;;
27.12.2011;18629.17;18629.17;18629.17;18629.17;0;18629.17;;;;;;;;
26.12.2011;0;0;0;18629.17;0;0;;;;;;;;
23.12.2011;18589.68;18636.75;18539.59;18629.17;965404400;18629.17;;;;;;;;
22.12.2011;18356.87;18388.01;18238.38;18378.23;903858400;18378.23;;;;;;;;
21.12.2011;18462.64;18473.19;18288.65;18416.45;1424472900;18416.45;;;;;;;;
20.12.2011;18044.75;18270.70;18010.26;18080.20;1196532600;18080.20;;;;;;;;
19.12.2011;18053.64;18092.35;17821.52;18070.21;1392940100;18070.21;;;;;;;;
16.12.2011;18025.60;18390.41;18025.60;18285.39;2209494000;18285.39;;;;;;;;
15.12.2011;18122.73;18133.94;17895.15;18026.84;1711814800;18026.84;;;;;;;;
14.12.2011;18301.05;18476.15;18280.67;18354.43;1203253600;18354.43;;;;;;;;
13.12.2011;18327.45;18465.39;18297.66;18447.17;1049706200;18447.17;;;;;;;;
12.12.2011;18853.32;18919.42;18508.12;18575.66;1167983200;18575.66;;;;;;;;
09.12.2011;18721.16;18840.93;18511.42;18586.23;1661916300;18586.23;;;;;;;;
08.12.2011;19112.33;19137.56;18956.41;19107.81;1297769200;19107.81;;;;;;;;
07.12.2011;19114.02;19242.80;19009.43;19240.58;1846600800;19240.58;;;;;;;;
06.12.2011;19011.81;19038.48;18818.68;18942.23;1252330600;18942.23;;;;;;;;
05.12.2011;19117.89;19188.86;18972.90;19179.69;1604780700;19179.69;;;;;;;;
02.12.2011;18977.20;19151.65;18878.31;19040.39;2307844400;19040.39;;;;;;;;
01.12.2011;19033.96;19050.56;18868.32;19002.26;3561534800;19002.26;;;;;;;;
30.11.2011;18192.29;18192.29;17860.80;17989.35;3420057200;17989.35;;;;;;;;
29.11.2011;18225.10;18372.45;18053.92;18256.20;1726122400;18256.20;;;;;;;;
28.11.2011;18019.21;18095.20;17954.19;18037.81;1142332600;18037.81;;;;;;;;
25.11.2011;17658.78;17827.81;17613.20;17689.48;944755200;17689.48;;;;;;;;
24.11.2011;17657.69;17997.07;17657.69;17935.10;1402041200;17935.10;;;;;;;;
23.11.2011;17954.58;17964.40;17838.74;17864.43;1582422900;17864.43;;;;;;;;
22.11.2011;18225.48;18355.12;18017.50;18251.59;1961345200;18251.59;;;;;;;;
21.11.2011;18213.72;18293.94;18054.23;18225.85;1367022700;18225.85;;;;;;;;
18.11.2011;18561.04;18561.04;18398.96;18491.23;1662337300;18491.23;;;;;;;;
17.11.2011;18686.17;18958.97;18657.74;18817.47;2567727600;18817.47;;;;;;;;
16.11.2011;19483.10;19483.10;18768.67;18960.90;1615190400;18960.90;;;;;;;;
15.11.2011;19305.28;19420.06;19240.35;19348.44;5166622000;19348.44;;;;;;;;
14.11.2011;19600.37;19640.68;19496.16;19508.18;1683768000;19508.18;;;;;;;;
11.11.2011;19143.58;19206.34;19028.31;19137.17;1279485000;19137.17;;;;;;;;
10.11.2011;19091.40;19199.08;18945.58;18963.89;2485571200;18963.89;;;;;;;;
09.11.2011;20067.38;20173.14;19967.17;20014.43;1943931200;20014.43;;;;;;;;
08.11.2011;19848.50;19914.92;19659.94;19678.47;1464882800;19678.47;;;;;;;;
07.11.2011;19894.22;19977.09;19649.57;19677.89;1619993100;19677.89;;;;;;;;
04.11.2011;19922.77;19981.52;19773.31;19842.79;2257596200;19842.79;;;;;;;;
03.11.2011;19418.82;19541.12;19142.34;19242.50;2140898800;19242.50;;;;;;;;
02.11.2011;19091.85;19745.48;19024.07;19733.71;1962952400;19733.71;;;;;;;;
01.11.2011;19461.08;19698.99;19322.60;19369.96;1764802800;19369.96;;;;;;;;
31.10.2011;20027.72;20155.62;19699.33;19864.87;1747618800;19864.87;;;;;;;;
28.10.2011;20152.22;20272.38;19972.24;20019.24;3745456800;20019.24;;;;;;;;
27.10.2011;19067.59;19693.19;19046.47;19688.70;3148372200;19688.70;;;;;;;;
26.10.2011;18727.96;19106.74;18705.08;19066.54;1680825800;19066.54;;;;;;;;
25.10.2011;18867.51;18981.57;18801.42;18968.20;1900999600;18968.20;;;;;;;;
24.10.2011;18444.16;18826.85;18435.41;18771.82;1951463600;18771.82;;;;;;;;
21.10.2011;18034.20;18082.43;17926.29;18025.72;1068828900;18025.72;;;;;;;;
20.10.2011;18198.12;18198.12;17782.00;17983.10;1265983300;17983.10;;;;;;;;
19.10.2011;18400.33;18426.29;18203.99;18309.22;1373247600;18309.22;;;;;;;;
18.10.2011;18411.40;18411.40;17963.26;18076.46;2198094000;18076.46;;;;;;;;
17.10.2011;18808.66;18908.17;18675.81;18873.99;1626920400;18873.99;;;;;;;;
14.10.2011;18639.43;18665.95;18367.85;18501.79;1491146200;18501.79;;;;;;;;
13.10.2011;18601.65;18758.74;18453.05;18757.81;2336936000;18757.81;;;;;;;;
12.10.2011;17990.56;18411.77;17804.56;18329.46;2169091800;18329.46;;;;;;;;
11.10.2011;18441.87;18456.16;18041.70;18141.59;3122935200;18141.59;;;;;;;;
10.10.2011;17853.26;17859.35;17437.84;17711.06;1782360800;17711.06;;;;;;;;
07.10.2011;17540.72;17800.72;17505.38;17707.01;2463267200;17707.01;;;;;;;;
06.10.2011;16975.00;17179.93;16849.45;17172.28;3071248600;17172.28;;;;;;;;
04.10.2011;16731.58;16840.91;16170.35;16250.27;2858417000;16250.27;;;;;;;;
03.10.2011;17179.20;17179.20;16717.14;16822.15;3227049200;16822.15;;;;;;;;
30.09.2011;17946.24;17946.24;17502.08;17592.41;3583124800;17592.41;;;;;;;;
28.09.2011;17962.49;18101.27;17843.95;18011.06;2514562600;18011.06;;;;;;;;
27.09.2011;17818.97;18136.02;17769.06;18130.55;2660498600;18130.55;;;;;;;;
26.09.2011;17634.42;17734.84;16999.54;17407.80;3000657200;17407.80;;;;;;;;
23.09.2011;17585.79;17813.57;17373.41;17668.83;3973027600;17668.83;;;;;;;;
22.09.2011;18296.80;18296.80;17859.31;17911.95;2672498800;17911.95;;;;;;;;
21.09.2011;18891.50;19023.57;18698.90;18824.17;1874705200;18824.17;;;;;;;;
20.09.2011;19008.61;19055.16;18732.75;19014.80;1800534000;19014.80;;;;;;;;
19.09.2011;19247.59;19247.59;18876.06;18917.95;1576185200;18917.95;;;;;;;;
16.09.2011;19545.50;19652.53;19454.74;19455.31;2492944200;19455.31;;;;;;;;
15.09.2011;19186.76;19269.41;18935.08;19181.50;1916783000;19181.50;;;;;;;;
14.09.2011;19216.29;19248.64;18627.65;19045.44;2449187200;19045.44;;;;;;;;
12.09.2011;19264.68;19303.74;18989.44;19030.54;1900551400;19030.54;;;;;;;;
09.09.2011;19997.89;20088.80;19808.95;19866.63;1301321900;19866.63;;;;;;;;
08.09.2011;20159.29;20159.29;19799.49;19912.82;1893054800;19912.82;;;;;;;;
07.09.2011;19836.25;20069.75;19785.29;20048.00;1706676000;20048.00;;;;;;;;
06.09.2011;19374.92;19727.89;19290.40;19710.50;1813548800;19710.50;;;;;;;;
05.09.2011;19830.50;19830.50;19567.77;19616.40;1887246000;19616.40;;;;;;;;
02.09.2011;20557.92;20580.81;20178.67;20212.91;1751778400;20212.91;;;;;;;;
01.09.2011;20790.22;20975.30;20572.97;20585.33;2665644400;20585.33;;;;;;;;
31.08.2011;20256.34;20556.93;20168.93;20534.85;3563446800;20534.85;;;;;;;;
30.08.2011;20203.55;20341.12;20071.52;20204.17;6806048000;20204.17;;;;;;;;
29.08.2011;19883.06;19919.34;19749.40;19865.11;1898744000;19865.11;;;;;;;;
26.08.2011;19733.71;19919.92;19549.53;19582.88;2063724400;19582.88;;;;;;;;
25.08.2011;19744.52;19803.28;19638.87;19752.48;1819733600;19752.48;;;;;;;;
24.08.2011;19863.11;19876.67;19452.65;19466.79;1680593600;19466.79;;;;;;;;
23.08.2011;19476.47;19893.37;19383.38;19875.53;1963474800;19875.53;;;;;;;;
22.08.2011;19465.30;19666.84;19047.64;19486.87;2553695400;19486.87;;;;;;;;
19.08.2011;19478.82;19595.92;19314.42;19399.92;2110642000;19399.92;;;;;;;;
18.08.2011;20261.21;20342.24;19969.21;20016.27;1568461000;20016.27;;;;;;;;
17.08.2011;20318.37;20504.38;20214.72;20289.03;1562562300;20289.03;;;;;;;;
16.08.2011;20344.75;20431.86;20140.31;20212.08;1776906800;20212.08;;;;;;;;
15.08.2011;20056.78;20264.33;19924.56;20260.10;1827188800;20260.10;;;;;;;;
12.08.2011;19955.82;19955.82;19575.00;19620.01;2156205600;19620.01;;;;;;;;
11.08.2011;19319.43;19728.88;19269.41;19595.14;2751712000;19595.14;;;;;;;;
10.08.2011;19993.78;20105.87;19672.66;19783.67;2935328800;19783.67;;;;;;;;
09.08.2011;19209.70;20158.55;18868.11;19330.70;4636766000;19330.70;;;;;;;;
08.08.2011;20409.01;20572.51;20044.37;20490.57;2678413800;20490.57;;;;;;;;
05.08.2011;20939.40;21017.72;20643.26;20946.14;3533657200;20946.14;;;;;;;;
04.08.2011;22019.92;22087.12;21725.67;21884.74;1548019600;21884.74;;;;;;;;
03.08.2011;22015.67;22041.87;21882.78;21992.72;2262162000;21992.72;;;;;;;;
02.08.2011;22532.77;22623.22;22387.92;22421.46;1587782000;22421.46;;;;;;;;
01.08.2011;22739.55;22808.33;22651.00;22663.37;1443945900;22663.37;;;;;;;;
29.07.2011;22544.51;22623.01;22323.16;22440.25;1287597300;22440.25;;;;;;;;
28.07.2011;22246.70;22572.30;22231.07;22570.74;1485732600;22570.74;;;;;;;;
27.07.2011;22489.70;22635.38;22469.18;22541.69;1484204900;22541.69;;;;;;;;
26.07.2011;22285.04;22581.56;22262.46;22572.08;1753808400;22572.08;;;;;;;;
25.07.2011;22287.37;22330.20;22217.40;22293.29;1334947500;22293.29;;;;;;;;
22.07.2011;22231.60;22449.11;22231.60;22444.80;2047907000;22444.80;;;;;;;;
21.07.2011;22058.63;22090.55;21857.03;21987.29;1584761700;21987.29;;;;;;;;
20.07.2011;22072.89;22088.24;21871.96;22003.69;1500940400;22003.69;;;;;;;;
19.07.2011;21805.00;21909.54;21611.16;21902.40;1419189300;21902.40;;;;;;;;
18.07.2011;21727.93;22026.60;21727.93;21804.75;1224406100;21804.75;;;;;;;;
15.07.2011;21872.56;21974.57;21774.95;21875.38;1260489400;21875.38;;;;;;;;
14.07.2011;21936.87;21945.02;21747.45;21940.20;1670259700;21940.20;;;;;;;;
13.07.2011;21794.37;21935.68;21718.81;21926.88;1668784100;21926.88;;;;;;;;
12.07.2011;22092.57;22092.57;21648.39;21663.16;2384655600;21663.16;;;;;;;;
11.07.2011;22598.62;22598.62;22307.22;22347.23;1525097000;22347.23;;;;;;;;
08.07.2011;22706.24;22835.03;22677.97;22726.43;1426589600;22726.43;;;;;;;;
07.07.2011;22587.50;22707.37;22523.93;22530.18;1477564100;22530.18;;;;;;;;
06.07.2011;22645.35;22737.50;22509.18;22517.55;9527772800;22517.55;;;;;;;;
05.07.2011;22821.75;22821.75;22707.10;22747.95;1092922400;22747.95;;;;;;;;
04.07.2011;22813.25;22817.50;22728.65;22770.47;1537363400;22770.47;;;;;;;;
30.06.2011;22233.70;22464.05;22174.61;22398.10;1686819200;22398.10;;;;;;;;
29.06.2011;22229.84;22237.10;22022.06;22061.18;1504695200;22061.18;;;;;;;;
28.06.2011;22168.93;22206.09;21952.37;22061.78;1391569500;22061.78;;;;;;;;
27.06.2011;21888.04;22099.29;21888.04;22041.77;1271935600;22041.77;;;;;;;;
24.06.2011;21843.76;22182.75;21783.73;22171.95;1956020800;22171.95;;;;;;;;
23.06.2011;21777.11;21905.10;21632.87;21759.14;1783660800;21759.14;;;;;;;;
22.06.2011;22044.16;22047.85;21837.84;21859.97;1431572200;21859.97;;;;;;;;
21.06.2011;21783.86;21875.16;21656.06;21850.59;2141318800;21850.59;;;;;;;;
20.06.2011;21770.79;21897.35;21508.77;21599.51;1395417200;21599.51;;;;;;;;
17.06.2011;21969.68;21971.24;21628.33;21695.26;1985574800;21695.26;;;;;;;;
16.06.2011;22048.28;22065.46;21874.89;21953.11;1875976400;21953.11;;;;;;;;
15.06.2011;22532.84;22598.76;22327.00;22343.77;1261848200;22343.77;;;;;;;;
14.06.2011;22298.47;22642.46;22298.47;22496.00;1502240000;22496.00;;;;;;;;
13.06.2011;22172.61;22508.50;22156.81;22508.08;1273235900;22508.08;;;;;;;;
10.06.2011;22641.62;22674.80;22297.94;22420.37;1701322400;22420.37;;;;;;;;
09.06.2011;22628.13;22647.30;22372.94;22609.83;2442731600;22609.83;;;;;;;;
08.06.2011;22757.62;22757.62;22607.09;22661.63;2026144000;22661.63;;;;;;;;
07.06.2011;22762.21;22928.96;22730.12;22868.67;1487292800;22868.67;;;;;;;;
03.06.2011;23338.76;23338.76;22932.48;22949.56;1959514000;22949.56;;;;;;;;
02.06.2011;23280.05;23317.79;23210.95;23253.84;1305464400;23253.84;;;;;;;;
01.06.2011;23686.77;23706.00;23598.39;23626.43;1590464800;23626.43;;;;;;;;
31.05.2011;23380.29;23707.95;23371.48;23684.13;2140362000;23684.13;;;;;;;;
30.05.2011;23117.80;23257.85;23086.05;23184.32;792873800;23184.32;;;;;;;;
27.05.2011;22939.95;23150.60;22859.98;23118.07;1504550900;23118.07;;;;;;;;
26.05.2011;22848.06;22943.85;22796.13;22900.79;960477800;22900.79;;;;;;;;
25.05.2011;22558.33;22767.01;22519.66;22747.28;1231365300;22747.28;;;;;;;;
24.05.2011;22693.10;22754.45;22631.13;22730.78;1007851200;22730.78;;;;;;;;
23.05.2011;22942.96;22942.96;22691.33;22711.02;1487178000;22711.02;;;;;;;;
20.05.2011;23215.62;23242.63;23147.42;23199.39;798082000;23199.39;;;;;;;;
19.05.2011;23125.28;23248.13;23031.60;23163.38;1146410600;23163.38;;;;;;;;
18.05.2011;22968.62;23057.72;22924.46;23011.14;1067411900;23011.14;;;;;;;;
17.05.2011;22896.20;22967.88;22768.03;22901.08;926370800;22901.08;;;;;;;;
16.05.2011;23054.06;23134.64;22937.14;22960.63;1076063000;22960.63;;;;;;;;
13.05.2011;23120.00;23295.03;22888.08;23276.27;1231654600;23276.27;;;;;;;;
12.05.2011;23112.13;23127.98;22985.54;23073.76;1213530500;23073.76;;;;;;;;
11.05.2011;23509.01;23509.01;23233.42;23291.80;1308742400;23291.80;;;;;;;;
09.05.2011;23249.98;23392.70;23239.15;23336.00;1008557600;23336.00;;;;;;;;
06.05.2011;23035.94;23207.44;22985.66;23159.14;1282797200;23159.14;;;;;;;;
05.05.2011;23228.01;23348.33;23167.93;23261.61;1561056500;23261.61;;;;;;;;
04.05.2011;23582.60;23582.60;23230.38;23315.24;1880768800;23315.24;;;;;;;;
03.05.2011;23794.86;23924.48;23599.28;23633.25;1309019000;23633.25;;;;;;;;
29.04.2011;23729.77;23808.93;23633.74;23720.81;1468492700;23720.81;;;;;;;;
28.04.2011;24103.03;24132.05;23761.13;23805.63;1570580800;23805.63;;;;;;;;
27.04.2011;24193.28;24260.77;23825.13;23892.84;1245102700;23892.84;;;;;;;;
26.04.2011;23964.62;24070.03;23844.30;24007.38;1136259200;24007.38;;;;;;;;
21.04.2011;24090.55;24185.49;24031.42;24138.31;1515002500;24138.31;;;;;;;;
20.04.2011;23709.29;23904.77;23682.79;23896.10;1236452200;23896.10;;;;;;;;
19.04.2011;23654.86;23654.86;23468.20;23520.62;1461878700;23520.62;;;;;;;;
18.04.2011;23977.87;24145.43;23769.48;23830.31;1280807700;23830.31;;;;;;;;
15.04.2011;24086.55;24236.54;23902.03;24008.07;1280550500;24008.07;;;;;;;;
14.04.2011;23951.88;24070.76;23912.27;24014.00;1219048200;24014.00;;;;;;;;
13.04.2011;23981.05;24200.32;23842.29;24135.03;1598541400;24135.03;;;;;;;;
12.04.2011;24142.55;24142.55;23916.55;23976.37;1609206500;23976.37;;;;;;;;
11.04.2011;24394.99;24466.47;24250.05;24303.07;1506797100;24303.07;;;;;;;;
08.04.2011;24306.44;24468.64;24251.74;24396.07;1596084100;24396.07;;;;;;;;
07.04.2011;24317.82;24368.76;24195.61;24281.80;1589719700;24281.80;;;;;;;;
06.04.2011;24182.83;24322.26;24102.60;24285.05;2113402800;24285.05;;;;;;;;
04.04.2011;23917.01;24164.37;23917.01;24150.58;2068546000;24150.58;;;;;;;;
01.04.2011;23664.48;23827.21;23474.34;23801.90;2190682600;23801.90;;;;;;;;
31.03.2011;23618.06;23618.06;23450.46;23527.52;2338834000;23527.52;;;;;;;;
30.03.2011;23192.79;23505.11;23180.92;23451.43;2043971200;23451.43;;;;;;;;
29.03.2011;22997.35;23137.15;22965.34;23060.36;1352926400;23060.36;;;;;;;;
28.03.2011;23114.07;23261.68;22952.43;23068.19;1989092000;23068.19;;;;;;;;
25.03.2011;23135.38;23179.26;23068.09;23158.67;2696387200;23158.67;;;;;;;;
24.03.2011;23005.49;23050.87;22890.83;22915.28;1848430000;22915.28;;;;;;;;
23.03.2011;22797.94;22849.23;22714.86;22825.40;1383280100;22825.40;;;;;;;;
22.03.2011;22732.95;22880.59;22654.22;22857.90;1450412700;22857.90;;;;;;;;
21.03.2011;22401.06;22711.84;22395.30;22685.22;1744941600;22685.22;;;;;;;;
18.03.2011;22387.98;22464.35;22273.70;22300.23;2024994000;22300.23;;;;;;;;
17.03.2011;22237.24;22393.98;22123.26;22284.43;1700522800;22284.43;;;;;;;;
16.03.2011;22814.50;22814.50;22541.55;22700.88;1775007000;22700.88;;;;;;;;
15.03.2011;23110.71;23110.71;22253.47;22678.25;2969021200;22678.25;;;;;;;;
14.03.2011;23207.15;23345.88;23078.94;23345.88;1201157200;23345.88;;;;;;;;
11.03.2011;23437.50;23514.73;23105.99;23249.78;1671018400;23249.78;;;;;;;;
10.03.2011;23818.64;23818.64;23564.95;23614.89;1406058700;23614.89;;;;;;;;
09.03.2011;23863.93;23934.07;23775.70;23810.11;2028495400;23810.11;;;;;;;;
08.03.2011;23401.49;23731.89;23307.70;23711.70;1782726000;23711.70;;;;;;;;
07.03.2011;23257.14;23491.71;23229.07;23313.19;1321120200;23313.19;;;;;;;;
04.03.2011;23406.77;23506.67;23374.60;23408.86;1855060400;23408.86;;;;;;;;
03.03.2011;23102.83;23329.38;23097.15;23122.42;1643360500;23122.42;;;;;;;;
02.03.2011;23114.43;23114.43;22915.65;23048.66;1491985100;23048.66;;;;;;;;
01.03.2011;23317.96;23478.70;23244.11;23396.42;1802511600;23396.42;;;;;;;;
28.02.2011;22900.15;23388.32;22886.37;23338.02;1782741200;23338.02;;;;;;;;
25.02.2011;22727.04;23091.32;22712.96;23012.37;1403488800;23012.37;;;;;;;;
24.02.2011;22856.78;23036.93;22575.99;22601.04;1506227400;22601.04;;;;;;;;
23.02.2011;22983.37;23055.47;22837.09;22906.90;1287207300;22906.90;;;;;;;;
22.02.2011;23170.52;23170.52;22938.13;22990.81;1736180400;22990.81;;;;;;;;
21.02.2011;23500.11;23585.63;23444.77;23485.42;1226047400;23485.42;;;;;;;;
18.02.2011;23342.67;23614.61;23316.30;23595.24;2141906600;23595.24;;;;;;;;
17.02.2011;23173.48;23320.43;23079.47;23301.84;1447116400;23301.84;;;;;;;;
16.02.2011;23015.39;23183.28;22809.01;23156.97;1289275200;23156.97;;;;;;;;
15.02.2011;23037.03;23104.98;22881.16;22899.78;0;22899.78;;;;;;;;
14.02.2011;22920.29;23187.82;22899.58;23121.06;1623695500;23121.06;;;;;;;;
11.02.2011;22752.55;22861.53;22446.67;22828.92;1973130000;22828.92;;;;;;;;
10.02.2011;23035.64;23069.42;22668.02;22708.62;2501942600;22708.62;;;;;;;;
09.02.2011;23535.41;23591.50;23128.72;23164.03;2265545200;23164.03;;;;;;;;
08.02.2011;23613.49;23616.83;23396.17;23484.30;1683188000;23484.30;;;;;;;;
07.02.2011;23981.74;23981.74;23530.80;23553.59;1480979600;23553.59;;;;;;;;
02.02.2011;23700.16;23922.74;23671.51;23908.96;1087497900;23908.96;;;;;;;;
01.02.2011;23451.62;23552.23;23422.72;23482.95;1362605700;23482.95;;;;;;;;
31.01.2011;23314.69;23520.54;23285.60;23447.34;1962800000;23447.34;;;;;;;;
28.01.2011;23763.74;23763.74;23580.42;23617.02;1501890600;23617.02;;;;;;;;
27.01.2011;23771.12;24023.68;23734.70;23779.62;1585159500;23779.62;;;;;;;;
26.01.2011;23802.88;23976.37;23662.18;23843.24;1318215100;23843.24;;;;;;;;
25.01.2011;23891.68;23999.11;23769.46;23788.83;1038887000;23788.83;;;;;;;;
24.01.2011;23970.30;23970.30;23751.72;23801.78;1201912500;23801.78;;;;;;;;
21.01.2011;23913.19;24130.16;23840.29;23876.86;1335216400;23876.86;;;;;;;;
20.01.2011;24248.32;24248.32;23963.86;24003.70;1531227300;24003.70;;;;;;;;
19.01.2011;24321.25;24434.40;24243.88;24419.62;1356744900;24419.62;;;;;;;;
18.01.2011;24189.83;24382.01;24104.34;24153.98;1286503700;24153.98;;;;;;;;
17.01.2011;24364.07;24364.07;24098.03;24156.97;1209066000;24156.97;;;;;;;;
14.01.2011;24273.62;24347.26;24187.90;24283.23;1531630800;24283.23;;;;;;;;
13.01.2011;24347.34;24378.81;24208.45;24238.98;2323232000;24238.98;;;;;;;;
12.01.2011;23857.17;24168.36;23857.17;24125.61;1592876200;24125.61;;;;;;;;
11.01.2011;23606.76;23855.83;23512.22;23760.34;1171815200;23760.34;;;;;;;;
10.01.2011;23715.47;23783.83;23481.80;23527.26;1087090700;23527.26;;;;;;;;
07.01.2011;23744.03;23880.77;23654.04;23686.63;1287345900;23686.63;;;;;;;;
06.01.2011;23861.22;23861.22;23698.38;23786.30;1147689000;23786.30;;;;;;;;
05.01.2011;23650.18;23773.98;23579.74;23757.82;1277768100;23757.82;;;;;;;;
04.01.2011;23477.31;23695.61;23408.09;23668.48;1330693400;23668.48;;;;;;;;
03.01.2011;23135.64;23443.53;23057.52;23436.05;1066929900;23436.05;;;;;;;;
31.12.2010;23079.84;23102.05;23012.50;23035.45;643109600;23035.45;;;;;;;;
30.12.2010;22987.84;23111.27;22890.56;22999.34;979943400;22999.34;;;;;;;;
29.12.2010;22725.38;22981.52;22663.80;22969.30;796503200;22969.30;;;;;;;;
28.12.2010;22553.15;22684.83;22529.26;22621.73;1031032400;22621.73;;;;;;;;
27.12.2010;22833.80;22833.80;22833.80;22833.80;0;22833.80;;;;;;;;
24.12.2010;22932.50;22948.25;22776.62;22833.80;531784200;22833.80;;;;;;;;
23.12.2010;23139.58;23151.38;22867.93;22902.97;739929600;22902.97;;;;;;;;
22.12.2010;23039.85;23160.44;22990.69;23045.19;1191357100;23045.19;;;;;;;;
21.12.2010;22711.46;23025.47;22671.61;22993.86;1262033000;22993.86;;;;;;;;
20.12.2010;22708.43;22716.78;22392.67;22639.08;1175563700;22639.08;;;;;;;;
17.12.2010;22660.88;22732.62;22519.61;22714.85;1426267400;22714.85;;;;;;;;
16.12.2010;22949.78;22992.07;22598.96;22668.78;1490108700;22668.78;;;;;;;;
15.12.2010;23371.34;23371.34;22876.88;22975.35;1731628800;22975.35;;;;;;;;
14.12.2010;23451.40;23453.42;23328.01;23431.19;1005933600;23431.19;;;;;;;;
13.12.2010;23362.32;23490.18;23233.40;23317.61;1108577600;23317.61;;;;;;;;
10.12.2010;23091.52;23202.29;22965.90;23162.91;1351974400;23162.91;;;;;;;;
09.12.2010;23167.87;23269.36;23083.16;23171.80;1359040600;23171.80;;;;;;;;
08.12.2010;23362.66;23374.37;22998.34;23092.52;1469118800;23092.52;;;;;;;;
07.12.2010;23177.40;23475.29;23101.81;23428.15;1395045300;23428.15;;;;;;;;
06.12.2010;23507.20;23612.25;23213.71;23237.69;1448276400;23237.69;;;;;;;;
03.12.2010;23555.76;23611.04;23286.54;23320.52;1638261100;23320.52;;;;;;;;
02.12.2010;23554.75;23575.38;23388.74;23448.78;1727085200;23448.78;;;;;;;;
01.12.2010;22973.80;23325.79;22842.12;23249.80;1622216800;23249.80;;;;;;;;
30.11.2010;23122.40;23199.44;22844.53;23007.99;1711364400;23007.99;;;;;;;;
29.11.2010;22832.05;23187.75;22785.28;23166.22;1211558300;23166.22;;;;;;;;
26.11.2010;23033.00;23107.67;22782.98;22877.25;1134013900;22877.25;;;;;;;;
25.11.2010;23110.02;23283.22;23037.86;23054.68;1278446100;23054.68;;;;;;;;
24.11.2010;23107.44;23166.69;22971.21;23023.86;1464288200;23023.86;;;;;;;;
23.11.2010;23290.28;23322.17;22871.11;22896.14;2174817200;22896.14;;;;;;;;
22.11.2010;23499.63;23592.77;23419.41;23524.02;1649739600;23524.02;;;;;;;;
19.11.2010;23625.31;23686.42;23252.33;23605.71;1903795800;23605.71;;;;;;;;
18.11.2010;23437.80;23671.51;23327.29;23637.39;1718261200;23637.39;;;;;;;;
17.11.2010;23432.23;23618.24;23192.49;23214.46;2171390000;23214.46;;;;;;;;
16.11.2010;24009.84;24085.23;23578.87;23693.02;1923820400;23693.02;;;;;;;;
15.11.2010;24371.77;24382.14;24002.65;24027.18;1668533900;24027.18;;;;;;;;
12.11.2010;24404.91;24608.66;24187.27;24222.58;2093440400;24222.58;;;;;;;;
11.11.2010;24598.81;24887.58;24505.15;24700.30;1795744400;24700.30;;;;;;;;
10.11.2010;24672.50;24692.54;24421.03;24500.61;1945425200;24500.61;;;;;;;;
09.11.2010;24858.34;24963.26;24687.30;24710.60;2258169600;24710.60;;;;;;;;
08.11.2010;24838.22;24988.57;24732.52;24964.37;1811291000;24964.37;;;;;;;;
05.11.2010;24905.43;24931.85;24732.90;24876.82;2815142000;24876.82;;;;;;;;
04.11.2010;24377.07;24550.08;24345.93;24535.63;2315843600;24535.63;;;;;;;;
03.11.2010;23802.06;24163.84;23684.99;24144.67;2699609200;24144.67;;;;;;;;
02.11.2010;23608.18;23724.87;23566.88;23671.42;1622167200;23671.42;;;;;;;;
01.11.2010;23366.82;23656.65;23366.82;23652.94;1709508800;23652.94;;;;;;;;
29.10.2010;23177.69;23222.35;22880.68;23096.32;1905046800;23096.32;;;;;;;;
28.10.2010;23290.54;23290.54;23136.97;23210.86;1333725400;23210.86;;;;;;;;
27.10.2010;23543.73;23708.67;23148.18;23164.58;1882652400;23164.58;;;;;;;;
26.10.2010;23727.63;23727.63;23546.33;23601.24;1401312000;23601.24;;;;;;;;
25.10.2010;23551.14;23781.88;23519.16;23627.91;1441732700;23627.91;;;;;;;;
22.10.2010;23647.32;23667.42;23465.76;23517.54;1259332100;23517.54;;;;;;;;
21.10.2010;23736.79;23736.79;23450.83;23649.48;1713519600;23649.48;;;;;;;;
20.10.2010;23423.82;23689.99;23307.49;23556.50;2639446200;23556.50;;;;;;;;
19.10.2010;23551.31;23768.09;23551.31;23763.73;1616146200;23763.73;;;;;;;;
18.10.2010;23693.12;23716.48;23467.45;23469.38;2263839600;23469.38;;;;;;;;
15.10.2010;23733.79;23862.54;23650.30;23757.63;3594968800;23757.63;;;;;;;;
14.10.2010;23685.26;23866.87;23614.40;23852.17;4144523600;23852.17;;;;;;;;
13.10.2010;23329.32;23471.66;23035.57;23457.69;2514523800;23457.69;;;;;;;;
12.10.2010;23161.21;23254.14;23055.61;23121.70;1655482800;23121.70;;;;;;;;
11.10.2010;23169.13;23302.29;23151.62;23207.31;2067039600;23207.31;;;;;;;;
08.10.2010;22861.15;23093.77;22861.15;22944.18;1559428700;22944.18;;;;;;;;
07.10.2010;22996.73;22996.73;22824.05;22884.32;2175196000;22884.32;;;;;;;;
06.10.2010;23006.20;23023.13;22872.42;22880.41;3266486800;22880.41;;;;;;;;
05.10.2010;22532.04;22670.81;22504.05;22639.14;1820436400;22639.14;;;;;;;;
04.10.2010;22542.36;22734.88;22542.36;22618.66;2591989000;22618.66;;;;;;;;
01.10.2010;0;0;0;22488.42;0;0;;;;;;;;
30.09.2010;22287.08;22381.33;22202.43;22358.17;2329902800;22358.17;;;;;;;;
29.09.2010;22314.56;22439.19;22300.09;22378.67;1945557600;22378.67;;;;;;;;
28.09.2010;22329.82;22371.60;22091.13;22109.95;1534385300;22109.95;;;;;;;;
27.09.2010;22351.33;22407.23;22292.54;22340.84;1522320100;22340.84;;;;;;;;
24.09.2010;21972.88;22155.67;21956.76;22119.43;1297378000;22119.43;;;;;;;;
23.09.2010;0;0;0;22083.57;0;0;;;;;;;;
22.09.2010;22077.38;22229.18;22021.60;22047.71;1308382700;22047.71;;;;;;;;
21.09.2010;22118.58;22118.58;21950.69;22002.59;1279489500;22002.59;;;;;;;;
20.09.2010;21918.45;22009.10;21874.42;21977.34;1215077100;21977.34;;;;;;;;
17.09.2010;21744.53;21988.87;21713.67;21970.86;1889361200;21970.86;;;;;;;;
16.09.2010;21694.21;21726.01;21525.71;21691.45;1482348700;21691.45;;;;;;;;
15.09.2010;21819.95;21819.95;21633.07;21725.64;1104117600;21725.64;;;;;;;;
14.09.2010;21760.73;21763.73;21656.45;21696.04;1515505900;21696.04;;;;;;;;
13.09.2010;21396.90;21714.36;21395.57;21658.35;2035235400;21658.35;;;;;;;;
10.09.2010;21310.72;21332.44;21092.81;21257.39;1125390400;21257.39;;;;;;;;
09.09.2010;21169.82;21248.58;21122.73;21167.27;1086561300;21167.27;;;;;;;;
08.09.2010;21213.20;21214.81;21066.69;21088.86;1956624400;21088.86;;;;;;;;
07.09.2010;21419.91;21435.58;21313.26;21401.79;1163804400;21401.79;;;;;;;;
06.09.2010;21155.91;21398.09;21139.79;21355.77;1599558900;21355.77;;;;;;;;
03.09.2010;20918.81;21028.66;20860.89;20971.50;1340909700;20971.50;;;;;;;;
02.09.2010;20864.40;20938.29;20819.61;20868.92;1272295600;20868.92;;;;;;;;
01.09.2010;20570.52;20649.45;20529.87;20623.83;1114882400;20623.83;;;;;;;;
31.08.2010;20539.22;20608.55;20372.29;20536.49;1329326000;20536.49;;;;;;;;
30.08.2010;20797.01;20832.36;20668.81;20737.22;1056592500;20737.22;;;;;;;;
27.08.2010;20563.09;20670.57;20552.55;20597.35;1212734100;20597.35;;;;;;;;
26.08.2010;20603.18;20664.76;20567.33;20612.06;1026568000;20612.06;;;;;;;;
25.08.2010;20603.57;20667.30;20512.78;20634.98;1224482900;20634.98;;;;;;;;
24.08.2010;20759.35;20937.53;20651.27;20658.71;1243939200;20658.71;;;;;;;;
23.08.2010;20963.25;21035.01;20845.70;20889.01;857934200;20889.01;;;;;;;;
20.08.2010;20929.72;20997.39;20868.24;20981.82;1096937300;20981.82;;;;;;;;
19.08.2010;21094.70;21297.62;21023.30;21072.46;1336442900;21072.46;;;;;;;;
18.08.2010;21167.88;21277.12;20968.70;21022.73;1282606400;21022.73;;;;;;;;
17.08.2010;21081.31;21161.73;21015.01;21137.43;671736700;21137.43;;;;;;;;
16.08.2010;20881.95;21209.46;20881.95;21112.12;1053815500;21112.12;;;;;;;;
13.08.2010;21095.17;21205.68;21012.51;21071.57;1230389200;21071.57;;;;;;;;
12.08.2010;21039.42;21124.98;20926.48;21105.71;1695693200;21105.71;;;;;;;;
11.08.2010;21542.27;21643.24;21239.17;21294.54;1475898300;21294.54;;;;;;;;
10.08.2010;21764.23;21765.58;21446.80;21473.60;1257248200;21473.60;;;;;;;;
09.08.2010;21640.53;21805.94;21622.12;21801.59;999901600;21801.59;;;;;;;;
06.08.2010;21575.95;21722.38;21456.74;21678.80;1309182000;21678.80;;;;;;;;
05.08.2010;21577.13;21618.58;21462.23;21551.72;940912600;21551.72;;;;;;;;
04.08.2010;21567.33;21621.82;21427.51;21549.88;1243029800;21549.88;;;;;;;;
03.08.2010;21610.18;21610.18;21409.81;21457.66;1419675100;21457.66;;;;;;;;
02.08.2010;21221.43;21439.22;21221.43;21412.79;1646320600;21412.79;;;;;;;;
30.07.2010;21008.46;21095.90;20945.63;21029.81;947166100;21029.81;;;;;;;;
29.07.2010;21091.17;21130.74;20970.93;21093.82;1014336800;21093.82;;;;;;;;
28.07.2010;20961.55;21199.55;20902.16;21091.18;1350370800;21091.18;;;;;;;;
27.07.2010;20965.54;21008.78;20824.05;20973.39;1118094600;20973.39;;;;;;;;
26.07.2010;20944.63;20963.08;20826.98;20839.91;1139652600;20839.91;;;;;;;;
23.07.2010;20847.85;20847.85;20728.41;20815.33;1641271300;20815.33;;;;;;;;
22.07.2010;20487.49;20592.46;20384.73;20589.70;951757400;20589.70;;;;;;;;
21.07.2010;20377.60;20494.18;20334.35;20487.23;1115583200;20487.23;;;;;;;;
20.07.2010;20075.72;20403.01;20075.72;20264.59;1168031200;20264.59;;;;;;;;
19.07.2010;20007.88;20127.56;20007.88;20090.95;1040734400;20090.95;;;;;;;;
16.07.2010;20293.61;20313.74;20173.49;20250.16;1648123300;20250.16;;;;;;;;
15.07.2010;20530.29;20665.62;20226.26;20255.62;1591164000;20255.62;;;;;;;;
14.07.2010;20722.22;20722.22;20512.24;20560.81;1562984100;20560.81;;;;;;;;
13.07.2010;20485.11;20529.41;20378.99;20431.06;1309265400;20431.06;;;;;;;;
12.07.2010;20476.02;20539.61;20368.62;20467.43;1675481300;20467.43;;;;;;;;
09.07.2010;20142.78;20418.31;20116.52;20378.66;1673574500;20378.66;;;;;;;;
08.07.2010;20231.15;20236.18;20002.01;20050.56;1137900000;20050.56;;;;;;;;
07.07.2010;19948.15;19948.15;19800.23;19857.07;1083584000;19857.07;;;;;;;;
06.07.2010;19777.83;20084.12;19777.83;20084.12;1204498500;20084.12;;;;;;;;
05.07.2010;19809.06;19913.40;19793.47;19842.20;1251615800;19842.20;;;;;;;;
02.07.2010;20059.56;20161.99;19803.22;19905.32;1374627100;19905.32;;;;;;;;
01.07.2010;20128.99;20128.99;20128.99;20128.99;0;20128.99;;;;;;;;
30.06.2010;19985.72;20143.16;19971.27;20128.99;1588071700;20128.99;;;;;;;;
29.06.2010;20727.45;20738.15;20190.88;20248.90;1781397200;20248.90;;;;;;;;
28.06.2010;20718.08;20862.38;20687.27;20726.68;1171423600;20726.68;;;;;;;;
25.06.2010;20615.92;20732.30;20563.93;20690.79;1338524400;20690.79;;;;;;;;
24.06.2010;20797.44;20901.15;20710.15;20733.49;1067905400;20733.49;;;;;;;;
23.06.2010;20718.66;20866.88;20689.15;20856.61;1362845100;20856.61;;;;;;;;
22.06.2010;20861.47;20957.09;20796.38;20819.08;1597804000;20819.08;;;;;;;;
21.06.2010;20571.40;20938.33;20571.40;20912.18;3171247200;20912.18;;;;;;;;
18.06.2010;20199.22;20315.42;20138.35;20286.71;1413431500;20286.71;;;;;;;;
17.06.2010;20201.81;20201.81;20078.59;20138.40;1034862900;20138.40;;;;;;;;
16.06.2010;0;0;0;20100.28;0;0;;;;;;;;
15.06.2010;19998.53;20142.10;19970.91;20062.15;996054700;20062.15;;;;;;;;
14.06.2010;20102.55;20102.55;20024.04;20051.91;954758200;20051.91;;;;;;;;
11.06.2010;19995.64;19995.64;19834.23;19872.38;1146581300;19872.38;;;;;;;;
10.06.2010;19517.61;19729.15;19517.61;19632.70;962222800;19632.70;;;;;;;;
09.06.2010;19488.20;19792.28;19383.89;19621.24;1263124900;19621.24;;;;;;;;
08.06.2010;19459.74;19510.09;19333.10;19487.48;904490700;19487.48;;;;;;;;
07.06.2010;19211.67;19389.91;19211.67;19378.15;1583714800;19378.15;;;;;;;;
04.06.2010;19765.25;19841.68;19658.66;19780.07;1011348700;19780.07;;;;;;;;
03.06.2010;19822.89;19859.80;19744.32;19786.71;1270634900;19786.71;;;;;;;;
02.06.2010;19651.55;19656.22;19372.13;19471.80;1231922500;19471.80;;;;;;;;
01.06.2010;19600.57;19805.60;19463.35;19496.95;1098816400;19496.95;;;;;;;;
31.05.2010;19705.53;19823.99;19629.83;19765.19;1075849200;19765.19;;;;;;;;
28.05.2010;19816.39;19910.06;19710.86;19766.71;2068737600;19766.71;;;;;;;;
27.05.2010;19015.89;19555.78;18971.52;19431.37;2136796800;19431.37;;;;;;;;
26.05.2010;19177.34;19242.06;19047.70;19196.45;2264630000;19196.45;;;;;;;;
25.05.2010;19317.24;19328.36;18974.52;18985.50;2165693400;18985.50;;;;;;;;
24.05.2010;19470.28;19757.44;19470.28;19667.76;1641682500;19667.76;;;;;;;;
21.05.2010;0;0;0;19606.80;0;0;;;;;;;;
20.05.2010;19694.47;19747.16;19276.46;19545.83;1585500000;19545.83;;;;;;;;
19.05.2010;19552.16;19785.86;19546.22;19578.98;1293434300;19578.98;;;;;;;;
18.05.2010;19768.80;20013.33;19672.39;19944.94;1350108900;19944.94;;;;;;;;
17.05.2010;19832.03;19832.03;19593.50;19715.20;1728648000;19715.20;;;;;;;;
14.05.2010;20258.45;20352.80;20130.78;20145.43;1366467100;20145.43;;;;;;;;
13.05.2010;20411.55;20526.58;20273.99;20422.46;1340553400;20422.46;;;;;;;;
12.05.2010;20175.74;20237.86;20003.49;20212.49;1157921500;20212.49;;;;;;;;
11.05.2010;20346.54;20398.43;19977.10;20146.51;1888728800;20146.51;;;;;;;;
10.05.2010;20118.95;20491.95;20035.60;20426.64;1820977600;20426.64;;;;;;;;
07.05.2010;19699.50;20037.60;19699.50;19920.29;2324807000;19920.29;;;;;;;;
06.05.2010;20177.47;20303.22;19888.49;20133.41;2153780000;20133.41;;;;;;;;
05.05.2010;20390.12;20505.66;20293.23;20327.54;2384536200;20327.54;;;;;;;;
04.05.2010;20935.90;21011.95;20743.49;20763.05;1291199700;20763.05;;;;;;;;
03.05.2010;20799.79;20886.85;20773.97;20811.36;1312414100;20811.36;;;;;;;;
30.04.2010;20934.07;21121.52;20920.15;21108.59;2387265600;21108.59;;;;;;;;
29.04.2010;20994.37;21007.56;20763.34;20778.92;1617080700;20778.92;;;;;;;;
28.04.2010;20853.83;21021.67;20853.83;20949.40;1788287200;20949.40;;;;;;;;
27.04.2010;21341.48;21383.21;21224.05;21261.79;1327490700;21261.79;;;;;;;;
26.04.2010;21501.21;21617.85;21489.05;21587.06;1140597000;21587.06;;;;;;;;
23.04.2010;21385.16;21442.77;21232.15;21244.49;1306533600;21244.49;;;;;;;;
22.04.2010;21283.93;21471.11;21206.74;21454.94;1352022600;21454.94;;;;;;;;
21.04.2010;21732.76;21740.64;21475.98;21510.93;1624158100;21510.93;;;;;;;;
20.04.2010;21519.26;21647.75;21507.47;21623.38;1422031800;21623.38;;;;;;;;
19.04.2010;21557.78;21582.13;21283.30;21405.17;2348763400;21405.17;;;;;;;;
16.04.2010;22059.30;22111.99;21788.88;21865.26;2496724000;21865.26;;;;;;;;
15.04.2010;22265.36;22337.89;22113.21;22157.82;1459714700;22157.82;;;;;;;;
14.04.2010;22183.05;22192.33;22061.77;22121.43;1302086200;22121.43;;;;;;;;
13.04.2010;22216.11;22290.67;22008.05;22103.53;1868202800;22103.53;;;;;;;;
12.04.2010;22388.77;22388.77;22131.93;22138.17;1580086800;22138.17;;;;;;;;
09.04.2010;22014.73;22249.23;21963.78;22208.50;2129071600;22208.50;;;;;;;;
08.04.2010;21836.42;21949.25;21813.35;21867.04;1712260400;21867.04;;;;;;;;
07.04.2010;21828.35;21935.41;21747.57;21928.77;2868746800;21928.77;;;;;;;;
06.04.2010;21537.00;21537.00;21537.00;21537.00;0;21537.00;;;;;;;;
05.04.2010;21537.00;21537.00;21537.00;21537.00;0;21537.00;;;;;;;;
02.04.2010;0;0;0;21537.00;0;0;;;;;;;;
01.04.2010;21390.89;21547.66;21373.16;21537.00;2059414400;21537.00;;;;;;;;
31.03.2010;21366.62;21446.80;21230.29;21239.35;2159444200;21239.35;;;;;;;;
30.03.2010;21230.53;21450.98;21202.17;21374.79;1749750800;21374.79;;;;;;;;
29.03.2010;21148.05;21318.23;21125.91;21237.43;1394443900;21237.43;;;;;;;;
26.03.2010;20679.65;21126.75;20679.65;21053.11;1863882000;21053.11;;;;;;;;
25.03.2010;20799.05;20800.95;20659.28;20778.55;1456677500;20778.55;;;;;;;;
24.03.2010;21203.50;21205.50;20974.05;21008.62;1282110100;21008.62;;;;;;;;
23.03.2010;21070.65;21211.08;20971.56;20987.78;1253196700;20987.78;;;;;;;;
22.03.2010;21120.43;21120.43;20899.69;20933.25;1572548900;20933.25;;;;;;;;
19.03.2010;21359.55;21389.00;21257.80;21370.82;1347445900;21370.82;;;;;;;;
18.03.2010;21429.69;21440.81;21287.37;21330.67;1341953000;21330.67;;;;;;;;
17.03.2010;21183.60;21440.18;21159.43;21384.49;1612088200;21384.49;;;;;;;;
16.03.2010;21135.79;21196.83;20986.69;21022.93;1027809600;21022.93;;;;;;;;
15.03.2010;21036.42;21116.50;20964.31;21079.10;1143308800;21079.10;;;;;;;;
12.03.2010;21249.80;21260.07;21116.84;21209.74;1164407200;21209.74;;;;;;;;
11.03.2010;21333.06;21333.06;21059.06;21228.20;1402218700;21228.20;;;;;;;;
10.03.2010;21293.52;21293.52;21156.09;21208.29;1257677200;21208.29;;;;;;;;
09.03.2010;21153.62;21277.66;21128.93;21207.55;1421012500;21207.55;;;;;;;;
08.03.2010;21099.71;21257.09;21080.76;21196.87;2052899600;21196.87;;;;;;;;
05.03.2010;20820.97;20820.97;20654.94;20787.97;2875176000;20787.97;;;;;;;;
04.03.2010;20983.81;21000.13;20575.78;20575.78;1910837600;20575.78;;;;;;;;
03.03.2010;21016.29;21016.29;20845.16;20876.79;1674115300;20876.79;;;;;;;;
02.03.2010;20921.44;20961.83;20847.46;20906.11;2296292200;20906.11;;;;;;;;
01.03.2010;20853.08;21056.93;20853.08;21056.93;2585990000;21056.93;;;;;;;;
26.02.2010;20657.83;20662.84;20567.58;20608.70;1492479400;20608.70;;;;;;;;
25.02.2010;20512.38;20644.27;20261.98;20399.57;1980209600;20399.57;;;;;;;;
24.02.2010;20357.42;20583.84;20351.05;20467.74;1508097400;20467.74;;;;;;;;
23.02.2010;20218.51;20711.75;20120.10;20623.00;0;20623.00;;;;;;;;
22.02.2010;20407.84;20427.09;20313.15;20377.27;1067658300;20377.27;;;;;;;;
19.02.2010;20261.49;20261.49;19874.55;19894.02;1329484500;19894.02;;;;;;;;
18.02.2010;20534.77;20569.61;20381.30;20422.15;720614300;20422.15;;;;;;;;
17.02.2010;20657.86;20684.22;20471.36;20534.01;1111742000;20534.01;;;;;;;;
16.02.2010;0;0;0;20401.35;0;0;;;;;;;;
15.02.2010;0;0;0;20401.35;0;0;;;;;;;;
12.02.2010;20240.67;20428.32;20212.55;20268.69;1193582100;20268.69;;;;;;;;
11.02.2010;20095.53;20310.79;20095.53;20290.69;1338864000;20290.69;;;;;;;;
10.02.2010;19914.84;19976.66;19681.54;19922.22;0;19922.22;;;;;;;;
09.02.2010;19493.50;19843.87;19461.20;19790.28;1495157300;19790.28;;;;;;;;
08.02.2010;19614.85;19673.11;19423.05;19550.89;1751004600;19550.89;;;;;;;;
05.02.2010;19706.24;19822.93;19655.88;19665.08;2515439200;19665.08;;;;;;;;
04.02.2010;20534.74;20554.20;20316.33;20341.64;1607734100;20341.64;;;;;;;;
03.02.2010;20486.15;20780.50;20315.31;20722.08;1922114800;20722.08;;;;;;;;
02.02.2010;20432.96;20533.96;20181.28;20272.18;1561642000;20272.18;;;;;;;;
01.02.2010;19987.67;20254.24;19845.93;20243.75;1701996800;20243.75;;;;;;;;
29.01.2010;20026.52;20327.69;19916.34;20121.99;1784257400;20121.99;;;;;;;;
28.01.2010;20202.33;20437.56;20170.15;20356.37;1880647200;20356.37;;;;;;;;
27.01.2010;20185.80;20340.82;19923.55;20033.07;1822372600;20033.07;;;;;;;;
26.01.2010;20560.11;20560.11;20046.60;20109.33;2270009200;20109.33;;;;;;;;
25.01.2010;20447.79;20619.70;20422.67;20598.55;1909841600;20598.55;;;;;;;;
22.01.2010;20527.20;20738.99;20250.36;20726.18;3220362000;20726.18;;;;;;;;
21.01.2010;21192.83;21272.26;20828.24;20862.67;2465648800;20862.67;;;;;;;;
20.01.2010;21543.25;21561.56;21171.30;21286.17;2197552000;21286.17;;;;;;;;
19.01.2010;21481.11;21681.69;21335.60;21677.98;1913397800;21677.98;;;;;;;;
18.01.2010;21418.34;21645.68;21320.97;21460.01;1867401600;21460.01;;;;;;;;
15.01.2010;21715.09;21788.85;21581.07;21654.16;2659842200;21654.16;;;;;;;;
14.01.2010;21871.01;21988.93;21707.10;21716.95;2338667600;21716.95;;;;;;;;
13.01.2010;21990.68;22012.04;21688.17;21748.60;3414190400;21748.60;;;;;;;;
12.01.2010;22378.23;22476.12;22192.98;22326.64;2204776800;22326.64;;;;;;;;
11.01.2010;22524.18;22671.92;22373.96;22411.52;1744637600;22411.52;;;;;;;;
08.01.2010;22282.75;22443.22;22206.16;22296.75;1626022600;22296.75;;;;;;;;
07.01.2010;22548.03;22548.03;22169.61;22269.45;1495365300;22269.45;;;;;;;;
06.01.2010;22357.46;22514.79;22277.13;22416.67;2100234000;22416.67;;;;;;;;
05.01.2010;22092.15;22297.04;21987.27;22279.58;1965584800;22279.58;;;;;;;;
04.01.2010;21860.04;22024.83;21689.22;21823.28;1006199600;21823.28;;;;;;;;
01.01.2010;0;0;0;21823.29;0;0;;;;;;;;
